{
    "新疆维吾尔自治区": "新疆",
	"新疆生产建设兵团": "新疆",
    "西藏自治区": "西藏",
    "内蒙古自治区": "内蒙古",
    "青海省": "青海",
    "四川省": "四川",
    "黑龙江省": "黑龙江",
    "甘肃省": "甘肃",
    "云南省": "云南",
    "广西壮族自治区": "广西",
	"广西省": "广西",
    "湖南省": "湖南",
    "陕西省": "陕西",
    "广东省": "广东",
    "吉林省": "吉林",
    "河北省": "河北",
    "湖北省": "湖北",
    "贵州省": "贵州",
    "山东省": "山东",
    "江西省": "江西",
    "河南省": "河南",
    "辽宁省": "辽宁",
    "山西省": "山西",
    "安徽省": "安徽",
    "福建省": "福建",
    "浙江省": "浙江",
    "江苏省": "江苏",
    "重庆市": "重庆",
    "宁夏回族自治区": "宁夏",
    "海南省": "海南",
    "台湾省": "台湾",
    "北京市": "北京",
    "天津市": "天津",
    "上海市": "上海",
    "香港特别行政区": "香港",
    "澳门特别行政区": "澳门",
    "密云区": "密云",
    "怀柔区": "怀柔",
    "房山区": "房山",
    "延庆区": "延庆",
    "门头沟区": "门头沟",
    "昌平区": "昌平",
    "大兴区": "大兴",
    "顺义区": "顺义",
    "平谷区": "平谷",
    "通州区": "通州",
    "朝阳区": "朝阳",
    "海淀区": "海淀",
    "丰台区": "丰台",
    "石景山区": "石景山",
    "西城区": "西城",
    "东城区": "东城",
    "蓟州区": "蓟州区",
    "武清区": "武清区",
    "宝坻区": "宝坻区",
    "静海区": "静海区",
    "宁河区": "宁河区",
    "西青区": "西青区",
    "北辰区": "北辰区",
    "东丽区": "东丽区",
    "津南区": "津南区",
    "河西区": "河西区",
    "河东区": "河东区",
    "南开区": "南开区",
    "河北区": "河北区",
    "红桥区": "红桥区",
    "和平区": "和平区",
    "滨海新区": "滨海新区",
    "承德市": "承德",
    "张家口市": "张家口",
    "保定市": "保定",
    "唐山市": "唐山",
    "沧州市": "沧州",
    "石家庄市": "石家庄",
    "邢台市": "邢台",
    "邯郸市": "邯郸",
    "秦皇岛市": "秦皇岛",
    "衡水市": "衡水",
    "廊坊市": "廊坊",
    "忻州市": "忻州",
    "吕梁市": "吕梁",
    "临汾市": "临汾",
    "晋中市": "晋中",
    "运城市": "运城",
    "大同市": "大同",
    "长治市": "长治",
    "朔州市": "朔州",
    "晋城市": "晋城",
    "太原市": "太原",
    "阳泉市": "阳泉",
    "呼伦贝尔市": "呼伦贝尔",
    "阿拉善盟": "阿拉善盟",
    "锡林郭勒盟": "锡林郭勒",
    "鄂尔多斯市": "鄂尔多斯",
    "赤峰市": "赤峰",
    "巴彦淖尔市": "巴彦淖尔",
    "通辽市": "通辽",
    "乌兰察布市": "乌兰察布",
    "兴安盟": "兴安盟",
    "包头市": "包头",
    "呼和浩特市": "呼和浩特",
    "乌海市": "乌海",
    "大连市": "大连",
    "朝阳市": "朝阳市",
    "丹东市": "丹东",
    "铁岭市": "铁岭",
    "沈阳市": "沈阳",
    "抚顺市": "抚顺",
    "葫芦岛市": "葫芦岛",
    "阜新市": "阜新",
    "锦州市": "锦州",
    "鞍山市": "鞍山",
    "本溪市": "本溪",
    "营口市": "营口",
    "辽阳市": "辽阳",
    "盘锦市": "盘锦",
    "延边朝鲜族自治州": "延边",
    "吉林市": "吉林",
    "白城市": "白城",
    "松原市": "松原",
    "长春市": "长春",
    "白山市": "白山",
    "通化市": "通化",
    "四平市": "四平",
    "辽源市": "辽源",
    "黑河市": "黑河",
    "大兴安岭地区": "大兴安岭",
    "哈尔滨市": "哈尔滨",
    "齐齐哈尔市": "齐齐哈尔",
    "牡丹江市": "牡丹江",
    "绥化市": "绥化",
    "伊春市": "伊春",
    "佳木斯市": "佳木斯",
    "鸡西市": "鸡西",
    "双鸭山市": "双鸭山",
    "大庆市": "大庆",
    "鹤岗市": "鹤岗",
    "七台河市": "七台河",
    "崇明区": "崇明",
    "奉贤区": "奉贤",
    "外地来沪": "外地来沪",
    "浦东新区": "浦东",
    "金山区": "金山",
    "青浦区": "青浦",
    "松江区": "松江",
    "嘉定区": "嘉定",
    "宝山区": "宝山",
    "闵行区": "闵行",
    "杨浦区": "杨浦",
    "普陀区": "普陀",
    "徐汇区": "徐汇",
    "长宁区": "长宁",
    "虹口区": "虹口",
    "黄浦区": "黄浦",
    "静安区": "静安",
    "盐城市": "盐城",
    "徐州市": "徐州",
    "南通市": "南通",
    "淮安市": "淮安",
    "苏州市": "苏州",
    "宿迁市": "宿迁",
    "连云港市": "连云港",
    "扬州市": "扬州",
    "南京市": "南京",
    "泰州市": "泰州",
    "无锡市": "无锡",
    "常州市": "常州",
    "镇江市": "镇江",
    "丽水市": "丽水",
    "杭州市": "杭州",
    "温州市": "温州",
    "宁波市": "宁波",
    "舟山市": "舟山",
    "台州市": "台州",
    "金华市": "金华",
    "衢州市": "衢州",
    "绍兴市": "绍兴",
    "嘉兴市": "嘉兴",
    "湖州市": "湖州",
    "六安市": "六安",
    "安庆市": "安庆",
    "滁州市": "滁州",
    "宣城市": "宣城",
    "阜阳市": "阜阳",
    "宿州市": "宿州",
    "黄山市": "黄山",
    "亳州市": "亳州",
    "池州市": "池州",
    "合肥市": "合肥",
    "蚌埠市": "蚌埠",
    "芜湖市": "芜湖",
    "淮北市": "淮北",
    "淮南市": "淮南",
    "马鞍山市": "马鞍山",
    "铜陵市": "铜陵",
    "南平市": "南平",
    "三明市": "三明",
    "龙岩市": "龙岩",
    "宁德市": "宁德",
    "福州市": "福州",
    "漳州市": "漳州",
    "泉州市": "泉州",
    "莆田市": "莆田",
    "厦门市": "厦门",
    "赣州市": "赣州",
    "吉安市": "吉安",
    "上饶市": "上饶",
    "九江市": "九江",
    "抚州市": "抚州",
    "宜春市": "宜春",
    "南昌市": "南昌",
    "景德镇市": "景德镇",
    "萍乡市": "萍乡",
    "鹰潭市": "鹰潭",
    "新余市": "新余",
    "烟台市": "烟台",
    "临沂市": "临沂",
    "潍坊市": "潍坊",
    "青岛市": "青岛",
    "菏泽市": "菏泽",
    "济宁市": "济宁",
    "德州市": "德州",
    "滨州市": "滨州",
    "聊城市": "聊城",
    "东营市": "东营",
    "济南市": "济南",
    "泰安市": "泰安",
    "威海市": "威海",
    "日照市": "日照",
    "淄博市": "淄博",
    "枣庄市": "枣庄",
    "莱芜市": "莱芜",
    "恩施土家族苗族自治州": "恩施州",
    "十堰市": "十堰",
    "宜昌市": "宜昌",
    "襄阳市": "襄阳",
    "黄冈市": "黄冈",
    "荆州市": "荆州",
    "荆门市": "荆门",
    "咸宁市": "咸宁",
    "随州市": "随州",
    "孝感市": "孝感",
    "武汉市": "武汉",
    "黄石市": "黄石",
    "神农架林区": "神农架",
    "天门市": "天门",
    "仙桃市": "仙桃",
    "潜江市": "潜江",
    "鄂州市": "鄂州",
    "南阳市": "南阳",
    "信阳市": "信阳",
    "洛阳市": "洛阳",
    "驻马店市": "驻马店",
    "周口市": "周口",
    "商丘市": "商丘",
    "三门峡市": "三门峡",
    "新乡市": "新乡",
    "平顶山市": "平顶山",
    "郑州市": "郑州",
    "安阳市": "安阳",
    "开封市": "开封",
    "焦作市": "焦作",
    "济源市": "济源示范区",
    "许昌市": "许昌",
    "濮阳市": "濮阳",
    "漯河市": "漯河",
    "鹤壁市": "鹤壁",
    "怀化市": "怀化",
    "永州市": "永州",
    "邵阳市": "邵阳",
    "郴州市": "郴州",
    "常德市": "常德",
    "湘西土家族苗族自治州": "湘西自治州",
    "衡阳市": "衡阳",
    "岳阳市": "岳阳",
    "益阳市": "益阳",
    "长沙市": "长沙",
    "株洲市": "株洲",
    "张家界市": "张家界",
    "娄底市": "娄底",
    "湘潭市": "湘潭",
    "清远市": "清远",
    "韶关市": "韶关",
    "湛江市": "湛江",
    "梅州市": "梅州",
    "河源市": "河源",
    "肇庆市": "肇庆",
    "惠州市": "惠州",
    "茂名市": "茂名",
    "江门市": "江门",
    "阳江市": "阳江",
    "云浮市": "云浮",
    "广州市": "广州",
    "汕尾市": "汕尾",
    "揭阳市": "揭阳",
    "珠海市": "珠海",
    "佛山市": "佛山",
    "潮州市": "潮州",
    "汕头市": "汕头",
    "深圳市": "深圳",
    "东莞市": "东莞",
    "中山市": "中山",
    "百色市": "百色",
    "河池市": "河池",
    "桂林市": "桂林",
    "南宁市": "南宁",
    "柳州市": "柳州",
    "崇左市": "崇左",
    "来宾市": "来宾",
    "玉林市": "玉林",
    "梧州市": "梧州",
    "贺州市": "贺州",
    "钦州市": "钦州",
    "贵港市": "贵港",
    "防城港市": "防城港",
    "北海市": "北海",
    "儋州市": "儋州",
    "文昌市": "文昌",
    "乐东黎族自治县": "乐东",
    "三亚市": "三亚",
    "琼中黎族苗族自治县": "琼中县",
    "东方市": "东方",
    "海口市": "海口",
    "万宁市": "万宁",
    "澄迈县": "澄迈县",
    "白沙黎族自治县": "白沙县",
    "琼海市": "琼海",
    "昌江黎族自治县": "昌江县",
    "临高县": "临高县",
    "陵水黎族自治县": "陵水县",
    "屯昌县": "屯昌县",
    "定安县": "定安县",
    "保亭黎族苗族自治县": "保亭",
    "五指山市": "五指山",
    "酉阳土家族苗族自治县": "酉阳县",
    "奉节县": "奉节县",
    "巫溪县": "巫溪县",
    "开州区": "开州区",
    "彭水苗族土家族自治县": "彭水县",
    "云阳县": "云阳县",
    "万州区": "万州区",
    "城口县": "城口县",
    "江津区": "江津区",
    "石柱土家族自治县": "石柱县",
    "巫山县": "巫山县",
    "涪陵区": "涪陵区",
    "丰都县": "丰都县",
    "武隆县": "武隆区",
    "南川区": "南川区",
    "秀山土家族苗族自治县": "秀山县",
    "黔江区": "黔江区",
    "合川区": "合川区",
    "忠县": "忠县",
    "梁平县": "梁平县",
    "巴南区": "巴南区",
    "潼南区": "潼南区",
    "永川区": "永川区",
    "垫江县": "垫江县",
    "渝北区": "渝北区",
    "长寿区": "长寿区",
    "铜梁区": "铜梁区",
    "荣昌区": "荣昌区",
    "璧山区": "璧山区",
    "北碚区": "北碚区",
    "九龙坡区": "九龙坡区",
    "沙坪坝区": "沙坪坝区",
    "南岸区": "南岸区",
    "江北区": "江北区",
    "大渡口区": "大渡口区",
    "渝中区": "渝中区",
    "綦江区": "綦江区",
    "大足区": "大足区",
    "甘孜藏族自治州": "甘孜",
    "阿坝藏族羌族自治州": "阿坝",
    "凉山彝族自治州": "凉山",
    "绵阳市": "绵阳",
    "达州市": "达州",
    "广元市": "广元",
    "雅安市": "雅安",
    "宜宾市": "宜宾",
    "乐山市": "乐山",
    "南充市": "南充",
    "巴中市": "巴中",
    "泸州市": "泸州",
    "成都市": "成都",
    "资阳市": "资阳",
    "攀枝花市": "攀枝花",
    "眉山市": "眉山",
    "广安市": "广安",
    "德阳市": "德阳",
    "内江市": "内江",
    "遂宁市": "遂宁",
    "自贡市": "自贡",
    "遵义市": "遵义",
    "黔东南苗族侗族自治州": "黔东南州",
    "毕节地区": "毕节",
    "黔南布依族苗族自治州": "黔南州",
    "铜仁地区": "铜仁",
    "黔西南布依族苗族自治州": "黔西南州",
    "六盘水市": "六盘水",
    "安顺市": "安顺",
    "贵阳市": "贵阳",
    "普洱市": "普洱",
    "红河哈尼族彝族自治州": "红河",
    "文山壮族苗族自治州": "文山州",
    "曲靖市": "曲靖",
    "楚雄彝族自治州": "楚雄州",
    "大理白族自治州": "大理",
    "临沧市": "临沧",
    "迪庆藏族自治州": "迪庆州",
    "昭通市": "昭通",
    "昆明市": "昆明",
    "丽江市": "丽江",
    "西双版纳傣族自治州": "西双版纳州",
    "保山市": "保山",
    "玉溪市": "玉溪",
    "怒江傈僳族自治州": "怒江州",
    "德宏傣族景颇族自治州": "德宏州",
    "那曲地区": "那曲地",
    "阿里地区": "阿里地",
    "日喀则市": "日喀则",
    "林芝市": "林芝",
    "昌都市": "昌都",
    "山南市": "山南",
    "拉萨市": "拉萨",
    "榆林市": "榆林",
    "延安市": "延安",
    "汉中市": "汉中",
    "安康市": "安康",
    "商洛市": "商洛",
    "宝鸡市": "宝鸡",
    "渭南市": "渭南",
    "咸阳市": "咸阳",
    "西安市": "西安",
    "铜川市": "铜川",
    "酒泉市": "酒泉",
    "张掖市": "张掖",
    "甘南藏族自治州": "甘南州",
    "武威市": "武威",
    "陇南市": "陇南",
    "庆阳市": "庆阳",
    "白银市": "白银",
    "定西市": "定西",
    "天水市": "天水",
    "兰州市": "兰州",
    "平凉市": "平凉",
    "临夏回族自治州": "临夏",
    "金昌市": "金昌",
    "嘉峪关市": "嘉峪关",
    "海西蒙古族藏族自治州": "海西州",
    "玉树藏族自治州": "玉树州",
    "果洛藏族自治州": "果洛州",
    "海南藏族自治州": "海南州",
    "海北藏族自治州": "海北州",
    "黄南藏族自治州": "黄南州",
    "海东市": "海东",
    "西宁市": "西宁",
    "吴忠市": "吴忠",
    "中卫市": "中卫",
    "固原市": "固原",
    "银川市": "银川",
    "石嘴山市": "石嘴山",
    "巴音郭楞蒙古自治州": "巴州",
    "铁门关市": "铁门关",
    "和田地区": "和田地",
    "昆玉市": "昆玉",
    "哈密市": "哈密",
    "阿克苏地区": "阿克苏",
    "阿勒泰地区": "阿勒泰地",
    "北屯市": "北屯",
    "喀什地区": "喀什地",
    "塔城地区": "塔城地",
    "昌吉回族自治州": "昌吉州",
    "克孜勒苏柯尔克孜自治州": "克孜勒苏柯尔克孜自治州",
    "吐鲁番市": "吐鲁番",
    "伊犁哈萨克自治州": "伊犁州",
    "可克达拉市": "可克达拉",
    "博尔塔拉蒙古自治州": "博尔塔拉蒙古自治州",
    "双河市": "双河",
    "乌鲁木齐市": "乌鲁木齐",
    "克拉玛依市": "克拉玛依",
    "阿拉尔市": "阿拉尔",
    "图木舒克市": "图木舒克",
    "五家渠市": "五家渠",
    "石河子市": "石河子",
    "高雄市": "高雄",
    "屏东县": "屏东县",
    "台南市": "台南",
    "新竹市": "新竹",
    "新竹县": "新竹县",
    "宜兰县": "宜兰县",
    "基隆市": "基隆",
    "苗栗县": "苗栗县",
    "台北市": "台北",
    "新北市": "新北",
    "桃园县": "桃园县",
    "彰化县": "彰化县",
    "嘉义县": "嘉义县",
    "嘉义市": "嘉义",
    "花莲县": "花莲县",
    "南投县": "南投县",
    "台中市": "台中",
    "云林县": "云林县",
    "台东县": "台东县",
    "澎湖县": "澎湖县",
    "金门": "金门",
    "马祖": "马祖",
    "中西区": "中西",
    "湾仔区": "湾仔",
    "东区": "东区",
    "南区": "南区",
    "油水旺区": "油水旺",
    "九龙市": "九龙",
    "深水埗区": "深水埗",
    "黄大仙区": "黄大仙",
    "观塘区": "观塘",
    "西贡区": "西贡",
    "沙田区": "沙田",
    "葵青区": "葵青",
    "荃湾区": "荃湾",
    "屯门区": "屯门",
    "元朗区": "元朗",
    "北区": "北区",
    "大埔区": "大埔",
    "离岛区": "离岛",
    "外地来京": "外地来京",
    "外地来津": "外地来津",
    "巩义市": "巩义",
    "地区待确认": "地区待确认",
    "地区待确定": "地区待确认",
    "兴安盟乌兰浩特": "兴安盟",
    "兴安盟乌兰浩特市": "兴安盟",
	"第一师": "兵团第一师",
    "第二师": "兵团第二师",
    "第三师": "兵团第三师",
    "第四师": "兵团第四师",
    "第五师": "兵团第五师",
    "第六师": "兵团第六师",
    "第七师": "兵团第七师",
    "第八师": "兵团第八师",
    "第九师": "兵团第九师",
    "第十师": "兵团第十师",
    "第十一师": "兵团第十一师",
    "第十二师": "兵团第十二师",
    "第十三师": "兵团第十三师",
    "第十四师": "兵团第十四师",
	"赣江新区": "赣江新区",
	"铜仁市": "铜仁",
	"三沙市": "三沙",
	"梁平区": "梁平区",
	"武隆区": "武隆区",
	"两江新区": "两江新区",
	"高新区": "高新区",
	"万盛经开区": "万盛经开区",
	"毕节市": "毕节",
	"宁东市": "宁东",
	"宁东": "宁东",
	"伊春市": "伊春",
	"省十里丰监狱": "省十里丰监狱",
	"任城监狱": "任城监狱",
	"监狱系统": "监狱系统",
	"境外输入": "境外输入",
    "外地输入": "外地输入",
    "雄安新区": "雄安新区",
    "定州市": "定州"
}
